{"camera_matrix": [[1596.779905690958, 0.0, 592.2778090390437], [0.0, 1599.6578307954921, 339.4069510666947], [0.0, 0.0, 1.0]], "dist_coeff": [[0.1331143743619516, 0.19139239758740245, 0.0011621457626230629, -0.004641307574346364, -1.4858474437848632]], "width": 1280, "height": 720}