{"camera_matrix": [[2410.783083273499, 0.0, 879.6222813593292], [0.0, 2408.853421673837, 506.4928143097857], [0.0, 0.0, 1.0]], "dist_coeff": [[0.10652699779467036, 0.2046668935865097, 0.0007189460735159944, -0.006111261844482641, -1.6649172324863224]], "width": 1920, "height": 1080}