{"camera_matrix": [[600.0159608591841, 0.0, 330.0112468714271], [0.0, 598.141809611365, 236.77868054344378], [0.0, 0.0, 1.0]], "dist_coeff": [[0.20553695021206939, -1.023565627087201, 0.009943769557881297, 0.0154603074419734, 2.1935485799646512]], "width": 640, "height": 480}